document_id,gcs_pdf_uri,node_id,parent_node_id,sibling_order,document_zone,canonical_path,depth,clause_label,numbering_scheme,level_1_label,level_2_label,level_3_label,level_4_label,level_5_plus_path,clause_title,is_inline_clause,preamble_text,verbatim_text,postamble_text,reconstructed_context_text,defined_terms_used,cross_references,page_start,page_end,hitl_status,hitl_flag_reasons,updated_at,reviewed_by,review_notes
doc_70fc075850990305,gs://pr-tftest-contract-intelligence/raw/doc_70fc075850990305/Synthetic_Accommodation_Agreement.pdf,PREAMBLE.1,,1,PREAMBLE,PREAMBLE.1,1,,UNNUMBERED,,,,,,ACCOMMODATION AGREEMENT,False,,"This Accommodation Agreement (this ""Agreement"") is entered into this 17th day of November, 2026, by and between Cedar Lantern Wind, LLC, a Nevada limited liability company (""Cedar Lantern""), and Blue Meridian Transmission LLC, a Colorado limited liability company (""Blue Meridian""), as it pertains to those certain tracts of land in Alder County, Franklin, described in Exhibit A attached hereto and made a part hereof (the ""Property""). Cedar Lantern and Blue Meridian may each be referred to herein as a ""Party"" or collectively as the ""Parties"".",,"This Accommodation Agreement (this ""Agreement"") is entered into this 17th day of November, 2026, by and between Cedar Lantern Wind, LLC, a Nevada limited liability company (""Cedar Lantern""), and Blue Meridian Transmission LLC, a Colorado limited liability company (""Blue Meridian""), as it pertains to those certain tracts of land in Alder County, Franklin, described in Exhibit A attached hereto and made a part hereof (the ""Property""). Cedar Lantern and Blue Meridian may each be referred to herein as a ""Party"" or collectively as the ""Parties"".",Agreement|Cedar Lantern|Blue Meridian|Property|Party|Parties,Exhibit A,1,1,VERIFIED_AUTO,NONE,2026-09-30T19:08:12.170860+00:00,,
doc_70fc075850990305,gs://pr-tftest-contract-intelligence/raw/doc_70fc075850990305/Synthetic_Accommodation_Agreement.pdf,RECITALS.1,,1,RECITALS,RECITALS.1,1,1,INTEGER,1,,,,,,False,,"1. Cedar Lantern has obtained certain rights pursuant to the agreements described in Exhibit B attached hereto and made a part hereof (the ""Cedar Lantern Easements""), for the purpose of developing, constructing, and operating a wind energy generation project (the ""Cedar Lantern Project""). Cedar Lantern may also obtain additional similar rights in the future.",,"1. Cedar Lantern has obtained certain rights pursuant to the agreements described in Exhibit B attached hereto and made a part hereof (the ""Cedar Lantern Easements""), for the purpose of developing, constructing, and operating a wind energy generation project (the ""Cedar Lantern Project""). Cedar Lantern may also obtain additional similar rights in the future.",Cedar Lantern|Cedar Lantern Easements|Cedar Lantern Project,Exhibit B,1,1,VERIFIED_AUTO,NONE,2026-09-30T19:08:12.170860+00:00,,
doc_70fc075850990305,gs://pr-tftest-contract-intelligence/raw/doc_70fc075850990305/Synthetic_Accommodation_Agreement.pdf,RECITALS.2,,2,RECITALS,RECITALS.2,1,2,INTEGER,2,,,,,,False,,"2. Blue Meridian has obtained certain rights pursuant to the agreements described in Exhibit C attached hereto and made a part hereof (the ""Blue Meridian Easements""), for the purpose of developing a transmission line (the ""Blue Meridian Project""). Blue Meridian has also more generally obtained the right of eminent domain pursuant to its status as a public utility certificated and regulated by the Franklin Public Utility Commission (""FPUC""), with authority to construct the Blue Meridian Project, a high voltage direct current transmission line on a particular route through certain counties in Franklin. The FPUC issued Blue Meridian a certificate of convenience and necessity (the ""CCN"") in Case No. 19-FPUC-731-RTE to develop the Blue Meridian Project. That CCN became effective on February 14, 2018 and remains effective today. The Blue Meridian Easements are granted to develop, permit, construct, reconstruct, repair, improve, alter, replace, operate, use, inspect, maintain and remove a transmission line, on the Property, which transmission line may include poles, towers and structures, such as wires and cables as Blue Meridian shall from time to time suspend therefrom, foundations, footings, attachments, anchors, ground connections, communication devices and other equipment, accessories, access roads and appurtenances, as Blue Meridian may deem necessary or desirable in connection therewith, together with installation, operation and maintenance of fiber optic cable and other equipment needed for the transmission of communications to or by third parties (collectively, the ""Blue Meridian Facilities"").",,"2. Blue Meridian has obtained certain rights pursuant to the agreements described in Exhibit C attached hereto and made a part hereof (the ""Blue Meridian Easements""), for the purpose of developing a transmission line (the ""Blue Meridian Project""). Blue Meridian has also more generally obtained the right of eminent domain pursuant to its status as a public utility certificated and regulated by the Franklin Public Utility Commission (""FPUC""), with authority to construct the Blue Meridian Project, a high voltage direct current transmission line on a particular route through certain counties in Franklin. The FPUC issued Blue Meridian a certificate of convenience and necessity (the ""CCN"") in Case No. 19-FPUC-731-RTE to develop the Blue Meridian Project. That CCN became effective on February 14, 2018 and remains effective today. The Blue Meridian Easements are granted to develop, permit, construct, reconstruct, repair, improve, alter, replace, operate, use, inspect, maintain and remove a transmission line, on the Property, which transmission line may include poles, towers and structures, such as wires and cables as Blue Meridian shall from time to time suspend therefrom, foundations, footings, attachments, anchors, ground connections, communication devices and other equipment, accessories, access roads and appurtenances, as Blue Meridian may deem necessary or desirable in connection therewith, together with installation, operation and maintenance of fiber optic cable and other equipment needed for the transmission of communications to or by third parties (collectively, the ""Blue Meridian Facilities"").",Blue Meridian|Blue Meridian Easements|Blue Meridian Project|FPUC|CCN|Property|Blue Meridian Facilities,Exhibit C,1,1,VERIFIED_AUTO,NONE,2026-09-30T19:08:12.170860+00:00,,
doc_70fc075850990305,gs://pr-tftest-contract-intelligence/raw/doc_70fc075850990305/Synthetic_Accommodation_Agreement.pdf,RECITALS.3,,3,RECITALS,RECITALS.3,1,3,INTEGER,3,,,,,,False,,"3. The location of Cedar Lantern's future facilities on the portion of the Property may directly interfere with the construction, maintenance and operation of Blue Meridian Facilities as shown on Exhibit D attached hereto.",,"3. The location of Cedar Lantern's future facilities on the portion of the Property may directly interfere with the construction, maintenance and operation of Blue Meridian Facilities as shown on Exhibit D attached hereto.",Cedar Lantern|Property|Blue Meridian Facilities,Exhibit D,1,1,VERIFIED_AUTO,NONE,2026-09-30T19:08:12.170860+00:00,,
doc_70fc075850990305,gs://pr-tftest-contract-intelligence/raw/doc_70fc075850990305/Synthetic_Accommodation_Agreement.pdf,RECITALS.4,,4,RECITALS,RECITALS.4,1,4,INTEGER,4,,,,,,False,,"4. The Parties are entering this Agreement to acknowledge the future use of the Property by Cedar Lantern and by Blue Meridian, and Cedar Lantern's agreement to work cooperatively in the layout and design of the Cedar Lantern Project over the portions of the Property where Blue Meridian Facilities may be installed, upon the terms and conditions set forth in this Agreement.",,"4. The Parties are entering this Agreement to acknowledge the future use of the Property by Cedar Lantern and by Blue Meridian, and Cedar Lantern's agreement to work cooperatively in the layout and design of the Cedar Lantern Project over the portions of the Property where Blue Meridian Facilities may be installed, upon the terms and conditions set forth in this Agreement.",Parties|Agreement|Property|Cedar Lantern|Blue Meridian|Cedar Lantern Project|Blue Meridian Facilities,NONE,1,1,VERIFIED_AUTO,NONE,2026-09-30T19:08:12.170860+00:00,,
doc_70fc075850990305,gs://pr-tftest-contract-intelligence/raw/doc_70fc075850990305/Synthetic_Accommodation_Agreement.pdf,BODY.1,,1,BODY,BODY.1,1,1,INTEGER,1,,,,,Recitals,False,,1. Recitals. The foregoing recitals are true and correct and are incorporated by reference as if fully set forth herein.,,1. Recitals. The foregoing recitals are true and correct and are incorporated by reference as if fully set forth herein.,NONE,NONE,2,2,VERIFIED_AUTO,NONE,2026-09-30T19:08:12.170860+00:00,,
doc_70fc075850990305,gs://pr-tftest-contract-intelligence/raw/doc_70fc075850990305/Synthetic_Accommodation_Agreement.pdf,BODY.2,,2,BODY,BODY.2,1,2,INTEGER,2,,,,,Term,False,2. Term. This Agreement shall terminate upon the earlier of,"2. Term. This Agreement shall terminate upon the earlier of (i) expiration of the Blue Meridian Easements and removal of the Blue Meridian Facilities, or (ii) expiration of the Cedar Lantern Easements.",,"2. Term. This Agreement shall terminate upon the earlier of (i) expiration of the Blue Meridian Easements and removal of the Blue Meridian Facilities, or (ii) expiration of the Cedar Lantern Easements.",Agreement|Blue Meridian Easements|Blue Meridian Facilities|Cedar Lantern Easements,NONE,2,2,FLAGGED_FOR_REVIEW,UNRESOLVED_EXTERNAL_DEPENDENCY,2026-09-30T19:08:12.170860+00:00,,
doc_70fc075850990305,gs://pr-tftest-contract-intelligence/raw/doc_70fc075850990305/Synthetic_Accommodation_Agreement.pdf,BODY.3,,3,BODY,BODY.3,1,3,INTEGER,3,,,,,No Interference,False,"3. No Interference. Each of the Parties covenants, acknowledges and agrees that","3. No Interference. Each of the Parties covenants, acknowledges and agrees that (a) neither it nor its representatives, successors and assigns, subject to Blue Meridian's right of eminent domain, shall unreasonably interfere with the performance of the Cedar Lantern Project or the Blue Meridian Project (collectively, ""Operations"") of the other Party on the Property that are in compliance with this Agreement or trespass upon or use (except as otherwise permitted herein) any improvements, structures, or personal property on the Property belonging to or related to Operations (collectively, ""Equipment"") of the other Party that are in compliance with this Agreement; (b) it shall, and shall cause its representatives, successors and assigns to, exercise due care with respect to the Operations and Equipment of the other Party; and (c) it shall deliver notice to the other Party as promptly as reasonable under the circumstances of any damage to Equipment caused by the covenanting Party or its representatives, successors and assigns of which such Party has actual knowledge.",,"3. No Interference. Each of the Parties covenants, acknowledges and agrees that (a) neither it nor its representatives, successors and assigns, subject to Blue Meridian's right of eminent domain, shall unreasonably interfere with the performance of the Cedar Lantern Project or the Blue Meridian Project (collectively, ""Operations"") of the other Party on the Property that are in compliance with this Agreement or trespass upon or use (except as otherwise permitted herein) any improvements, structures, or personal property on the Property belonging to or related to Operations (collectively, ""Equipment"") of the other Party that are in compliance with this Agreement; (b) it shall, and shall cause its representatives, successors and assigns to, exercise due care with respect to the Operations and Equipment of the other Party; and (c) it shall deliver notice to the other Party as promptly as reasonable under the circumstances of any damage to Equipment caused by the covenanting Party or its representatives, successors and assigns of which such Party has actual knowledge.",Parties|Blue Meridian|Cedar Lantern Project|Blue Meridian Project|Operations|Party|Property|Agreement|Equipment,NONE,2,2,VERIFIED_AUTO,NONE,2026-09-30T19:08:12.170860+00:00,,
doc_70fc075850990305,gs://pr-tftest-contract-intelligence/raw/doc_70fc075850990305/Synthetic_Accommodation_Agreement.pdf,BODY.4,,4,BODY,BODY.4,1,4,INTEGER,4,,,,,Cedar Lantern Indemnity,False,"4. Cedar Lantern Indemnity. To the fullest extent permitted by law, Cedar Lantern shall indemnify, defend and hold Blue Meridian harmless for, from and against any and all claims, liabilities, fines, penalties, costs, damages, losses, liens, causes of action, suits, demands, judgments and expenses (including, without limitation, court costs, reasonable attorneys' fees and costs of investigation) (collectively, ""Liabilities"") of any nature, kind or description of any person or entity directly or indirectly arising out of, resulting from or related to (in whole or in part):","4. Cedar Lantern Indemnity. To the fullest extent permitted by law, Cedar Lantern shall indemnify, defend and hold Blue Meridian harmless for, from and against any and all claims, liabilities, fines, penalties, costs, damages, losses, liens, causes of action, suits, demands, judgments and expenses (including, without limitation, court costs, reasonable attorneys' fees and costs of investigation) (collectively, ""Liabilities"") of any nature, kind or description of any person or entity directly or indirectly arising out of, resulting from or related to (in whole or in part): (i) Cedar Lantern's use of Property; (ii) construction, use, operation and repair of the Cedar Lantern Project; or (iii) any act or omission of Cedar Lantern, except to the extent such Liabilities arise from or are attributed to, in whole or in part, any negligence or willful misconduct of Blue Meridian.",", except to the extent such Liabilities arise from or are attributed to, in whole or in part, any negligence or willful misconduct of Blue Meridian.","4. Cedar Lantern Indemnity. To the fullest extent permitted by law, Cedar Lantern shall indemnify, defend and hold Blue Meridian harmless for, from and against any and all claims, liabilities, fines, penalties, costs, damages, losses, liens, causes of action, suits, demands, judgments and expenses (including, without limitation, court costs, reasonable attorneys' fees and costs of investigation) (collectively, ""Liabilities"") of any nature, kind or description of any person or entity directly or indirectly arising out of, resulting from or related to (in whole or in part): (i) Cedar Lantern's use of Property; (ii) construction, use, operation and repair of the Cedar Lantern Project; or (iii) any act or omission of Cedar Lantern, except to the extent such Liabilities arise from or are attributed to, in whole or in part, any negligence or willful misconduct of Blue Meridian.",Cedar Lantern|Blue Meridian|Liabilities|Property|Cedar Lantern Project,NONE,2,2,FLAGGED_FOR_REVIEW,SCOPE_CARVEOUT_DETECTED,2026-09-30T19:08:12.170860+00:00,,
doc_70fc075850990305,gs://pr-tftest-contract-intelligence/raw/doc_70fc075850990305/Synthetic_Accommodation_Agreement.pdf,BODY.5,,5,BODY,BODY.5,1,5,INTEGER,5,,,,,Blue Meridian Indemnity,False,"5. Blue Meridian Indemnity. To the fullest extent permitted by law, and subject to Blue Meridian's right of eminent domain and the procedures applicable to eminent domain proceedings, including the process for determining just compensation, Blue Meridian shall indemnify, defend and hold Cedar Lantern harmless for, from and against any and all Liabilities of any nature, kind or description of any person or entity directly or indirectly arising out of, resulting from or related to (in whole or in part):","5. Blue Meridian Indemnity. To the fullest extent permitted by law, and subject to Blue Meridian's right of eminent domain and the procedures applicable to eminent domain proceedings, including the process for determining just compensation, Blue Meridian shall indemnify, defend and hold Cedar Lantern harmless for, from and against any and all Liabilities of any nature, kind or description of any person or entity directly or indirectly arising out of, resulting from or related to (in whole or in part): (i) Blue Meridian's occupation or use of the Property; (ii) construction, use, state of repair or presence of the Blue Meridian Facilities; or (iii) any act or omission of Blue Meridian, except to the extent such Liabilities arise from or are attributed to, in whole or in part, any negligence or willful misconduct of Cedar Lantern.",", except to the extent such Liabilities arise from or are attributed to, in whole or in part, any negligence or willful misconduct of Cedar Lantern.","5. Blue Meridian Indemnity. To the fullest extent permitted by law, and subject to Blue Meridian's right of eminent domain and the procedures applicable to eminent domain proceedings, including the process for determining just compensation, Blue Meridian shall indemnify, defend and hold Cedar Lantern harmless for, from and against any and all Liabilities of any nature, kind or description of any person or entity directly or indirectly arising out of, resulting from or related to (in whole or in part): (i) Blue Meridian's occupation or use of the Property; (ii) construction, use, state of repair or presence of the Blue Meridian Facilities; or (iii) any act or omission of Blue Meridian, except to the extent such Liabilities arise from or are attributed to, in whole or in part, any negligence or willful misconduct of Cedar Lantern.",Blue Meridian|Cedar Lantern|Liabilities|Property|Blue Meridian Facilities,NONE,2,2,FLAGGED_FOR_REVIEW,SCOPE_CARVEOUT_DETECTED,2026-09-30T19:08:12.170860+00:00,,
doc_70fc075850990305,gs://pr-tftest-contract-intelligence/raw/doc_70fc075850990305/Synthetic_Accommodation_Agreement.pdf,BODY.6,,6,BODY,BODY.6,1,6,INTEGER,6,,,,,WAIVER OF CONSEQUENTIAL DAMAGES,False,,"6. WAIVER OF CONSEQUENTIAL DAMAGES. NOTWITHSTANDING ANYTHING TO THE CONTRARY IN THIS AGREEMENT, NEITHER PARTY SHALL BE ENTITLED TO, AND EACH OF CEDAR LANTERN AND BLUE MERIDIAN, ANY AND ALL RIGHTS TO RECOVER CONSEQUENTIAL, INCIDENTAL, AND PUNITIVE OR EXEMPLARY DAMAGES, HOWEVER ARISING, WHETHER IN CONTRACT, IN TORT, OR OTHERWISE, UNDER OR WITH RESPECT TO ANY ACTION TAKEN IN CONNECTION WITH THIS AGREEMENT.",,"6. WAIVER OF CONSEQUENTIAL DAMAGES. NOTWITHSTANDING ANYTHING TO THE CONTRARY IN THIS AGREEMENT, NEITHER PARTY SHALL BE ENTITLED TO, AND EACH OF CEDAR LANTERN AND BLUE MERIDIAN, ANY AND ALL RIGHTS TO RECOVER CONSEQUENTIAL, INCIDENTAL, AND PUNITIVE OR EXEMPLARY DAMAGES, HOWEVER ARISING, WHETHER IN CONTRACT, IN TORT, OR OTHERWISE, UNDER OR WITH RESPECT TO ANY ACTION TAKEN IN CONNECTION WITH THIS AGREEMENT.",Agreement|Party|Cedar Lantern|Blue Meridian,NONE,2,3,FLAGGED_FOR_REVIEW,SCOPE_CARVEOUT_DETECTED,2026-09-30T19:08:12.170860+00:00,,
doc_70fc075850990305,gs://pr-tftest-contract-intelligence/raw/doc_70fc075850990305/Synthetic_Accommodation_Agreement.pdf,BODY.2.i,BODY.2,1,BODY,BODY.2.i,2,(i),ROMAN_LOWER,2,(i),,,,,True,,"(i) expiration of the Blue Meridian Easements and removal of the Blue Meridian Facilities, or",,"2. Term. This Agreement shall terminate upon the earlier of (i) expiration of the Blue Meridian Easements and removal of the Blue Meridian Facilities, or",Blue Meridian Easements|Blue Meridian Facilities,NONE,2,2,FLAGGED_FOR_REVIEW,AMBIGUOUS_HIERARCHY_MARKER|UNRESOLVED_EXTERNAL_DEPENDENCY,2026-09-30T19:08:12.170860+00:00,,
doc_70fc075850990305,gs://pr-tftest-contract-intelligence/raw/doc_70fc075850990305/Synthetic_Accommodation_Agreement.pdf,BODY.3.a,BODY.3,1,BODY,BODY.3.a,2,(a),ALPHA_LOWER,3,(a),,,,,True,,"(a) neither it nor its representatives, successors and assigns, subject to Blue Meridian's right of eminent domain, shall unreasonably interfere with the performance of the Cedar Lantern Project or the Blue Meridian Project (collectively, ""Operations"") of the other Party on the Property that are in compliance with this Agreement or trespass upon or use (except as otherwise permitted herein) any improvements, structures, or personal property on the Property belonging to or related to Operations (collectively, ""Equipment"") of the other Party that are in compliance with this Agreement;",,"3. No Interference. Each of the Parties covenants, acknowledges and agrees that (a) neither it nor its representatives, successors and assigns, subject to Blue Meridian's right of eminent domain, shall unreasonably interfere with the performance of the Cedar Lantern Project or the Blue Meridian Project (collectively, ""Operations"") of the other Party on the Property that are in compliance with this Agreement or trespass upon or use (except as otherwise permitted herein) any improvements, structures, or personal property on the Property belonging to or related to Operations (collectively, ""Equipment"") of the other Party that are in compliance with this Agreement;",Blue Meridian|Cedar Lantern Project|Blue Meridian Project|Operations|Party|Property|Agreement|Equipment,NONE,2,2,FLAGGED_FOR_REVIEW,SCOPE_CARVEOUT_DETECTED,2026-09-30T19:08:12.170860+00:00,,
doc_70fc075850990305,gs://pr-tftest-contract-intelligence/raw/doc_70fc075850990305/Synthetic_Accommodation_Agreement.pdf,BODY.4.i,BODY.4,1,BODY,BODY.4.i,2,(i),ROMAN_LOWER,4,(i),,,,,True,,(i) Cedar Lantern's use of Property;,,"4. Cedar Lantern Indemnity. To the fullest extent permitted by law, Cedar Lantern shall indemnify, defend and hold Blue Meridian harmless for, from and against any and all claims, liabilities, fines, penalties, costs, damages, losses, liens, causes of action, suits, demands, judgments and expenses (including, without limitation, court costs, reasonable attorneys' fees and costs of investigation) (collectively, ""Liabilities"") of any nature, kind or description of any person or entity directly or indirectly arising out of, resulting from or related to (in whole or in part): (i) Cedar Lantern's use of Property;, except to the extent such Liabilities arise from or are attributed to, in whole or in part, any negligence or willful misconduct of Blue Meridian.",Cedar Lantern|Property,NONE,2,2,FLAGGED_FOR_REVIEW,AMBIGUOUS_HIERARCHY_MARKER|SCOPE_CARVEOUT_DETECTED,2026-09-30T19:08:12.170860+00:00,,
doc_70fc075850990305,gs://pr-tftest-contract-intelligence/raw/doc_70fc075850990305/Synthetic_Accommodation_Agreement.pdf,BODY.5.i,BODY.5,1,BODY,BODY.5.i,2,(i),ROMAN_LOWER,5,(i),,,,,True,,(i) Blue Meridian's occupation or use of the Property;,,"5. Blue Meridian Indemnity. To the fullest extent permitted by law, and subject to Blue Meridian's right of eminent domain and the procedures applicable to eminent domain proceedings, including the process for determining just compensation, Blue Meridian shall indemnify, defend and hold Cedar Lantern harmless for, from and against any and all Liabilities of any nature, kind or description of any person or entity directly or indirectly arising out of, resulting from or related to (in whole or in part): (i) Blue Meridian's occupation or use of the Property;, except to the extent such Liabilities arise from or are attributed to, in whole or in part, any negligence or willful misconduct of Cedar Lantern.",Blue Meridian|Property,NONE,2,2,FLAGGED_FOR_REVIEW,AMBIGUOUS_HIERARCHY_MARKER|SCOPE_CARVEOUT_DETECTED,2026-09-30T19:08:12.170860+00:00,,
doc_70fc075850990305,gs://pr-tftest-contract-intelligence/raw/doc_70fc075850990305/Synthetic_Accommodation_Agreement.pdf,BODY.2.ii,BODY.2,2,BODY,BODY.2.ii,2,(ii),ROMAN_LOWER,2,(ii),,,,,True,,(ii) expiration of the Cedar Lantern Easements.,,2. Term. This Agreement shall terminate upon the earlier of (ii) expiration of the Cedar Lantern Easements.,Cedar Lantern Easements,NONE,2,2,FLAGGED_FOR_REVIEW,AMBIGUOUS_HIERARCHY_MARKER|UNRESOLVED_EXTERNAL_DEPENDENCY,2026-09-30T19:08:12.170860+00:00,,
doc_70fc075850990305,gs://pr-tftest-contract-intelligence/raw/doc_70fc075850990305/Synthetic_Accommodation_Agreement.pdf,BODY.3.b,BODY.3,2,BODY,BODY.3.b,2,(b),ALPHA_LOWER,3,(b),,,,,True,,"(b) it shall, and shall cause its representatives, successors and assigns to, exercise due care with respect to the Operations and Equipment of the other Party; and",,"3. No Interference. Each of the Parties covenants, acknowledges and agrees that (b) it shall, and shall cause its representatives, successors and assigns to, exercise due care with respect to the Operations and Equipment of the other Party; and",Operations|Equipment|Party,NONE,2,2,VERIFIED_AUTO,NONE,2026-09-30T19:08:12.170860+00:00,,
doc_70fc075850990305,gs://pr-tftest-contract-intelligence/raw/doc_70fc075850990305/Synthetic_Accommodation_Agreement.pdf,BODY.4.ii,BODY.4,2,BODY,BODY.4.ii,2,(ii),ROMAN_LOWER,4,(ii),,,,,True,,"(ii) construction, use, operation and repair of the Cedar Lantern Project; or",,"4. Cedar Lantern Indemnity. To the fullest extent permitted by law, Cedar Lantern shall indemnify, defend and hold Blue Meridian harmless for, from and against any and all claims, liabilities, fines, penalties, costs, damages, losses, liens, causes of action, suits, demands, judgments and expenses (including, without limitation, court costs, reasonable attorneys' fees and costs of investigation) (collectively, ""Liabilities"") of any nature, kind or description of any person or entity directly or indirectly arising out of, resulting from or related to (in whole or in part): (ii) construction, use, operation and repair of the Cedar Lantern Project; or, except to the extent such Liabilities arise from or are attributed to, in whole or in part, any negligence or willful misconduct of Blue Meridian.",Cedar Lantern Project,NONE,2,2,FLAGGED_FOR_REVIEW,AMBIGUOUS_HIERARCHY_MARKER|SCOPE_CARVEOUT_DETECTED,2026-09-30T19:08:12.170860+00:00,,
doc_70fc075850990305,gs://pr-tftest-contract-intelligence/raw/doc_70fc075850990305/Synthetic_Accommodation_Agreement.pdf,BODY.5.ii,BODY.5,2,BODY,BODY.5.ii,2,(ii),ROMAN_LOWER,5,(ii),,,,,True,,"(ii) construction, use, state of repair or presence of the Blue Meridian Facilities; or",,"5. Blue Meridian Indemnity. To the fullest extent permitted by law, and subject to Blue Meridian's right of eminent domain and the procedures applicable to eminent domain proceedings, including the process for determining just compensation, Blue Meridian shall indemnify, defend and hold Cedar Lantern harmless for, from and against any and all Liabilities of any nature, kind or description of any person or entity directly or indirectly arising out of, resulting from or related to (in whole or in part): (ii) construction, use, state of repair or presence of the Blue Meridian Facilities; or, except to the extent such Liabilities arise from or are attributed to, in whole or in part, any negligence or willful misconduct of Cedar Lantern.",Blue Meridian Facilities,NONE,2,2,FLAGGED_FOR_REVIEW,AMBIGUOUS_HIERARCHY_MARKER|SCOPE_CARVEOUT_DETECTED,2026-09-30T19:08:12.170860+00:00,,
doc_70fc075850990305,gs://pr-tftest-contract-intelligence/raw/doc_70fc075850990305/Synthetic_Accommodation_Agreement.pdf,BODY.3.c,BODY.3,3,BODY,BODY.3.c,2,(c),ALPHA_LOWER,3,(c),,,,,True,,"(c) it shall deliver notice to the other Party as promptly as reasonable under the circumstances of any damage to Equipment caused by the covenanting Party or its representatives, successors and assigns of which such Party has actual knowledge.",,"3. No Interference. Each of the Parties covenants, acknowledges and agrees that (c) it shall deliver notice to the other Party as promptly as reasonable under the circumstances of any damage to Equipment caused by the covenanting Party or its representatives, successors and assigns of which such Party has actual knowledge.",Party|Equipment,NONE,2,2,VERIFIED_AUTO,NONE,2026-09-30T19:08:12.170860+00:00,,
doc_70fc075850990305,gs://pr-tftest-contract-intelligence/raw/doc_70fc075850990305/Synthetic_Accommodation_Agreement.pdf,BODY.4.iii,BODY.4,3,BODY,BODY.4.iii,2,(iii),ROMAN_LOWER,4,(iii),,,,,True,,(iii) any act or omission of Cedar Lantern,,"4. Cedar Lantern Indemnity. To the fullest extent permitted by law, Cedar Lantern shall indemnify, defend and hold Blue Meridian harmless for, from and against any and all claims, liabilities, fines, penalties, costs, damages, losses, liens, causes of action, suits, demands, judgments and expenses (including, without limitation, court costs, reasonable attorneys' fees and costs of investigation) (collectively, ""Liabilities"") of any nature, kind or description of any person or entity directly or indirectly arising out of, resulting from or related to (in whole or in part): (iii) any act or omission of Cedar Lantern, except to the extent such Liabilities arise from or are attributed to, in whole or in part, any negligence or willful misconduct of Blue Meridian.",Cedar Lantern,NONE,2,2,FLAGGED_FOR_REVIEW,AMBIGUOUS_HIERARCHY_MARKER|SCOPE_CARVEOUT_DETECTED,2026-09-30T19:08:12.170860+00:00,,
doc_70fc075850990305,gs://pr-tftest-contract-intelligence/raw/doc_70fc075850990305/Synthetic_Accommodation_Agreement.pdf,BODY.5.iii,BODY.5,3,BODY,BODY.5.iii,2,(iii),ROMAN_LOWER,5,(iii),,,,,True,,(iii) any act or omission of Blue Meridian,,"5. Blue Meridian Indemnity. To the fullest extent permitted by law, and subject to Blue Meridian's right of eminent domain and the procedures applicable to eminent domain proceedings, including the process for determining just compensation, Blue Meridian shall indemnify, defend and hold Cedar Lantern harmless for, from and against any and all Liabilities of any nature, kind or description of any person or entity directly or indirectly arising out of, resulting from or related to (in whole or in part): (iii) any act or omission of Blue Meridian, except to the extent such Liabilities arise from or are attributed to, in whole or in part, any negligence or willful misconduct of Cedar Lantern.",Blue Meridian,NONE,2,2,FLAGGED_FOR_REVIEW,AMBIGUOUS_HIERARCHY_MARKER|SCOPE_CARVEOUT_DETECTED,2026-09-30T19:08:12.170860+00:00,,
doc_70fc075850990305,gs://pr-tftest-contract-intelligence/raw/doc_70fc075850990305/Synthetic_Accommodation_Agreement.pdf,BODY.7,,7,BODY,BODY.7,1,7,INTEGER,7,,,,,Notice,False,,"7. Notice. Any notices given in connection with this Agreement shall be sent by certified mail, return receipt requested, with postage prepaid, by Federal Express or other overnight courier, or by email and addressed to the recipient at the address stated below (or to such other person and address as either Party may indicate by written notice to the other given in accordance with this Section): If to Cedar Lantern: Cedar Lantern Wind, LLC 1842 Harborline Avenue Port Mason, Pacifica 72814 Attn: Land Records Administration If to Blue Meridian: Blue Meridian Transmission LLC c/o Meridian Infrastructure Group 906 Ridgetop Loop, Suite 720 Ember Falls, Franklin 38421 Attention: General Counsel",,"7. Notice. Any notices given in connection with this Agreement shall be sent by certified mail, return receipt requested, with postage prepaid, by Federal Express or other overnight courier, or by email and addressed to the recipient at the address stated below (or to such other person and address as either Party may indicate by written notice to the other given in accordance with this Section): If to Cedar Lantern: Cedar Lantern Wind, LLC 1842 Harborline Avenue Port Mason, Pacifica 72814 Attn: Land Records Administration If to Blue Meridian: Blue Meridian Transmission LLC c/o Meridian Infrastructure Group 906 Ridgetop Loop, Suite 720 Ember Falls, Franklin 38421 Attention: General Counsel",Agreement|Party|Cedar Lantern|Blue Meridian,NONE,3,3,VERIFIED_AUTO,NONE,2026-09-30T19:08:12.170860+00:00,,
doc_70fc075850990305,gs://pr-tftest-contract-intelligence/raw/doc_70fc075850990305/Synthetic_Accommodation_Agreement.pdf,BODY.8,,8,BODY,BODY.8,1,8,INTEGER,8,,,,,Confidentiality,False,"8. Confidentiality. The Parties shall maintain in the strictest confidence, for the benefit of the other Party, all information pertaining to the Cedar Lantern Project or Blue Meridian Project, as the case may be, and the like, whether disclosed by the Parties, or discovered by the other Party, unless such information either","8. Confidentiality. The Parties shall maintain in the strictest confidence, for the benefit of the other Party, all information pertaining to the Cedar Lantern Project or Blue Meridian Project, as the case may be, and the like, whether disclosed by the Parties, or discovered by the other Party, unless such information either (i) is in the public domain by reason of prior publication through no act or omission of either Party; or (ii) was already known to the Party at the time of disclosure and which such Party is free to use or disclose without breach of any obligation to any person or entity. Neither Party shall use such information for its own benefit, publish or otherwise disclose it to others, or permit its use by others for their benefit or to the detriment of the other Party. Notwithstanding the foregoing, a Party may disclose such information to such Party's lenders, attorneys, accountants and other personal financial advisors solely for use in connection with their representation of such Party regarding this Agreement. The provisions of this Section shall survive the termination or expiration of this Agreement.","Neither Party shall use such information for its own benefit, publish or otherwise disclose it to others, or permit its use by others for their benefit or to the detriment of the other Party. Notwithstanding the foregoing, a Party may disclose such information to such Party's lenders, attorneys, accountants and other personal financial advisors solely for use in connection with their representation of such Party regarding this Agreement. The provisions of this Section shall survive the termination or expiration of this Agreement.","8. Confidentiality. The Parties shall maintain in the strictest confidence, for the benefit of the other Party, all information pertaining to the Cedar Lantern Project or Blue Meridian Project, as the case may be, and the like, whether disclosed by the Parties, or discovered by the other Party, unless such information either (i) is in the public domain by reason of prior publication through no act or omission of either Party; or (ii) was already known to the Party at the time of disclosure and which such Party is free to use or disclose without breach of any obligation to any person or entity. Neither Party shall use such information for its own benefit, publish or otherwise disclose it to others, or permit its use by others for their benefit or to the detriment of the other Party. Notwithstanding the foregoing, a Party may disclose such information to such Party's lenders, attorneys, accountants and other personal financial advisors solely for use in connection with their representation of such Party regarding this Agreement. The provisions of this Section shall survive the termination or expiration of this Agreement.",Parties|Party|Cedar Lantern Project|Blue Meridian Project|Agreement,NONE,3,3,FLAGGED_FOR_REVIEW,SCOPE_CARVEOUT_DETECTED,2026-09-30T19:08:12.170860+00:00,,
doc_70fc075850990305,gs://pr-tftest-contract-intelligence/raw/doc_70fc075850990305/Synthetic_Accommodation_Agreement.pdf,BODY.9,,9,BODY,BODY.9,1,9,INTEGER,9,,,,,Assignment; Successors and Assigns,False,,"9. Assignment; Successors and Assigns. This Agreement shall be binding upon the Parties and their respective successors and assigns. Any reference to either Party in this Agreement shall apply to such Party only so long as the Party owns or holds its respective interest in the Property as described above, and thereafter such reference shall be intended to apply to such Party's successors or assigns with respect to such interest. No Party transferring or assigning its interests under this Agreement shall be relieved of liability until the transferee or assignee expressly agrees to assume and be bound by the terms and conditions of this Agreement, and no Party transferring or assigning its interests under this Agreement shall be relieved of any liability that arose before the date of such assignment or transfer and which remains unsatisfied after the date of transfer or assignment, or for liability relating to any interest that such Party continues to own or hold in the Property.",,"9. Assignment; Successors and Assigns. This Agreement shall be binding upon the Parties and their respective successors and assigns. Any reference to either Party in this Agreement shall apply to such Party only so long as the Party owns or holds its respective interest in the Property as described above, and thereafter such reference shall be intended to apply to such Party's successors or assigns with respect to such interest. No Party transferring or assigning its interests under this Agreement shall be relieved of liability until the transferee or assignee expressly agrees to assume and be bound by the terms and conditions of this Agreement, and no Party transferring or assigning its interests under this Agreement shall be relieved of any liability that arose before the date of such assignment or transfer and which remains unsatisfied after the date of transfer or assignment, or for liability relating to any interest that such Party continues to own or hold in the Property.",Agreement|Parties|Party|Property,NONE,3,3,VERIFIED_AUTO,NONE,2026-09-30T19:08:12.170860+00:00,,
doc_70fc075850990305,gs://pr-tftest-contract-intelligence/raw/doc_70fc075850990305/Synthetic_Accommodation_Agreement.pdf,BODY.8.i,BODY.8,1,BODY,BODY.8.i,2,(i),ROMAN_LOWER,8,(i),,,,,True,,(i) is in the public domain by reason of prior publication through no act or omission of either Party; or,,"8. Confidentiality. The Parties shall maintain in the strictest confidence, for the benefit of the other Party, all information pertaining to the Cedar Lantern Project or Blue Meridian Project, as the case may be, and the like, whether disclosed by the Parties, or discovered by the other Party, unless such information either (i) is in the public domain by reason of prior publication through no act or omission of either Party; or Neither Party shall use such information for its own benefit, publish or otherwise disclose it to others, or permit its use by others for their benefit or to the detriment of the other Party. Notwithstanding the foregoing, a Party may disclose such information to such Party's lenders, attorneys, accountants and other personal financial advisors solely for use in connection with their representation of such Party regarding this Agreement. The provisions of this Section shall survive the termination or expiration of this Agreement.",Party,NONE,3,3,FLAGGED_FOR_REVIEW,AMBIGUOUS_HIERARCHY_MARKER|SCOPE_CARVEOUT_DETECTED,2026-09-30T19:08:12.170860+00:00,,
doc_70fc075850990305,gs://pr-tftest-contract-intelligence/raw/doc_70fc075850990305/Synthetic_Accommodation_Agreement.pdf,BODY.8.ii,BODY.8,2,BODY,BODY.8.ii,2,(ii),ROMAN_LOWER,8,(ii),,,,,True,,(ii) was already known to the Party at the time of disclosure and which such Party is free to use or disclose without breach of any obligation to any person or entity.,,"8. Confidentiality. The Parties shall maintain in the strictest confidence, for the benefit of the other Party, all information pertaining to the Cedar Lantern Project or Blue Meridian Project, as the case may be, and the like, whether disclosed by the Parties, or discovered by the other Party, unless such information either (ii) was already known to the Party at the time of disclosure and which such Party is free to use or disclose without breach of any obligation to any person or entity. Neither Party shall use such information for its own benefit, publish or otherwise disclose it to others, or permit its use by others for their benefit or to the detriment of the other Party. Notwithstanding the foregoing, a Party may disclose such information to such Party's lenders, attorneys, accountants and other personal financial advisors solely for use in connection with their representation of such Party regarding this Agreement. The provisions of this Section shall survive the termination or expiration of this Agreement.",Party,NONE,3,3,FLAGGED_FOR_REVIEW,AMBIGUOUS_HIERARCHY_MARKER|SCOPE_CARVEOUT_DETECTED,2026-09-30T19:08:12.170860+00:00,,
doc_70fc075850990305,gs://pr-tftest-contract-intelligence/raw/doc_70fc075850990305/Synthetic_Accommodation_Agreement.pdf,BODY.10,,10,BODY,BODY.10,1,10,INTEGER,10,,,,,Final Agreement,False,,"10. Final Agreement. This Agreement constitutes the entire agreement between the Parties with respect to its subject matter. Any agreement, understanding or representation respecting the Property, this Agreement, or any other matter referenced herein not expressly set forth in this Agreement, or in a subsequent writing signed by both Parties, is null and void. This Agreement shall not be modified or amended except in a writing signed by both Parties. No purported modifications or amendments, including, without limitation, any oral agreement (even if supported by new consideration), course of conduct or absence of a response to a unilateral communication, shall be binding on either Party.",,"10. Final Agreement. This Agreement constitutes the entire agreement between the Parties with respect to its subject matter. Any agreement, understanding or representation respecting the Property, this Agreement, or any other matter referenced herein not expressly set forth in this Agreement, or in a subsequent writing signed by both Parties, is null and void. This Agreement shall not be modified or amended except in a writing signed by both Parties. No purported modifications or amendments, including, without limitation, any oral agreement (even if supported by new consideration), course of conduct or absence of a response to a unilateral communication, shall be binding on either Party.",Agreement|Parties|Property|Party,NONE,4,4,VERIFIED_AUTO,NONE,2026-09-30T19:08:12.170860+00:00,,
doc_70fc075850990305,gs://pr-tftest-contract-intelligence/raw/doc_70fc075850990305/Synthetic_Accommodation_Agreement.pdf,BODY.11,,11,BODY,BODY.11,1,11,INTEGER,11,,,,,Authority,False,,"11. Authority. Each individual executing this Agreement on behalf of an entity represents and warrants that they are duly authorized to execute and deliver this Agreement on behalf of said entity in accordance with the by-laws or other operating agreement of said entity, and that this Agreement is binding upon said entity in accordance with its terms. Each Party hereto affirms and states that such Party has the full right, power and authority to enter into and perform under this Agreement and that the same will not contravene or result in the violation of any agreement, rule or regulation to which any such Party may be subject.",,"11. Authority. Each individual executing this Agreement on behalf of an entity represents and warrants that they are duly authorized to execute and deliver this Agreement on behalf of said entity in accordance with the by-laws or other operating agreement of said entity, and that this Agreement is binding upon said entity in accordance with its terms. Each Party hereto affirms and states that such Party has the full right, power and authority to enter into and perform under this Agreement and that the same will not contravene or result in the violation of any agreement, rule or regulation to which any such Party may be subject.",Agreement|Party,NONE,4,4,VERIFIED_AUTO,NONE,2026-09-30T19:08:12.170860+00:00,,
doc_70fc075850990305,gs://pr-tftest-contract-intelligence/raw/doc_70fc075850990305/Synthetic_Accommodation_Agreement.pdf,BODY.12,,12,BODY,BODY.12,1,12,INTEGER,12,,,,,Covenants Running with the Land,False,,"12. Covenants Running with the Land. This Agreement and conditions herein shall constitute covenants running with the land and shall be binding upon and inure to the benefit of the Parties, their personal representatives, heirs, successors and assigns.",,"12. Covenants Running with the Land. This Agreement and conditions herein shall constitute covenants running with the land and shall be binding upon and inure to the benefit of the Parties, their personal representatives, heirs, successors and assigns.",Agreement|Parties,NONE,4,4,VERIFIED_AUTO,NONE,2026-09-30T19:08:12.170860+00:00,,
doc_70fc075850990305,gs://pr-tftest-contract-intelligence/raw/doc_70fc075850990305/Synthetic_Accommodation_Agreement.pdf,BODY.13,,13,BODY,BODY.13,1,13,INTEGER,13,,,,,Governing Law,False,,13. Governing Law. This Agreement shall be governed by the laws of the State of Franklin and any question arising hereunder shall be construed or determined according to such law without regard to conflicts of law principles.,,13. Governing Law. This Agreement shall be governed by the laws of the State of Franklin and any question arising hereunder shall be construed or determined according to such law without regard to conflicts of law principles.,Agreement,NONE,4,4,VERIFIED_AUTO,NONE,2026-09-30T19:08:12.170860+00:00,,
doc_70fc075850990305,gs://pr-tftest-contract-intelligence/raw/doc_70fc075850990305/Synthetic_Accommodation_Agreement.pdf,BODY.14,,14,BODY,BODY.14,1,14,INTEGER,14,,,,,Attorney Fees,False,,"14. Attorney Fees. In the event either Party breaches any of the terms, covenants or conditions of this Agreement, and the other Party commences litigation to enforce any provision of this Agreement, the cost of any reasonable attorney fees and associated expenses incurred by the prevailing party in such litigation shall be paid by the non-prevailing party upon demand.",,"14. Attorney Fees. In the event either Party breaches any of the terms, covenants or conditions of this Agreement, and the other Party commences litigation to enforce any provision of this Agreement, the cost of any reasonable attorney fees and associated expenses incurred by the prevailing party in such litigation shall be paid by the non-prevailing party upon demand.",Party|Agreement,NONE,4,4,VERIFIED_AUTO,NONE,2026-09-30T19:08:12.170860+00:00,,
doc_70fc075850990305,gs://pr-tftest-contract-intelligence/raw/doc_70fc075850990305/Synthetic_Accommodation_Agreement.pdf,BODY.15,,15,BODY,BODY.15,1,15,INTEGER,15,,,,,Severability,False,,"15. Severability. Should any provision of this Agreement be held in a final and unappealable decision by a court of competent jurisdiction to be either invalid, void or unenforceable, the remaining provisions hereof shall remain in full force and effect and unimpaired by the court's holding.",,"15. Severability. Should any provision of this Agreement be held in a final and unappealable decision by a court of competent jurisdiction to be either invalid, void or unenforceable, the remaining provisions hereof shall remain in full force and effect and unimpaired by the court's holding.",Agreement,NONE,4,4,VERIFIED_AUTO,NONE,2026-09-30T19:08:12.170860+00:00,,
doc_70fc075850990305,gs://pr-tftest-contract-intelligence/raw/doc_70fc075850990305/Synthetic_Accommodation_Agreement.pdf,BODY.16,,16,BODY,BODY.16,1,16,INTEGER,16,,,,,No Partnership,False,,"16. No Partnership. Nothing contained in this Agreement shall be construed to create an association, joint venture, trust or partnership covenant, obligation or liability on or with regard to any one or more of the parties to this Agreement.",,"16. No Partnership. Nothing contained in this Agreement shall be construed to create an association, joint venture, trust or partnership covenant, obligation or liability on or with regard to any one or more of the parties to this Agreement.",Agreement,NONE,4,4,VERIFIED_AUTO,NONE,2026-09-30T19:08:12.170860+00:00,,
doc_70fc075850990305,gs://pr-tftest-contract-intelligence/raw/doc_70fc075850990305/Synthetic_Accommodation_Agreement.pdf,BODY.17,,17,BODY,BODY.17,1,17,INTEGER,17,,,,,Counterpart Execution,False,,"17. Counterpart Execution. This Agreement may be executed with counterpart signature and in duplicate originals, each of which shall be deemed an original, and all of which together shall constitute a single instrument.",,"17. Counterpart Execution. This Agreement may be executed with counterpart signature and in duplicate originals, each of which shall be deemed an original, and all of which together shall constitute a single instrument.",Agreement,NONE,4,4,VERIFIED_AUTO,NONE,2026-09-30T19:08:12.170860+00:00,,
doc_70fc075850990305,gs://pr-tftest-contract-intelligence/raw/doc_70fc075850990305/Synthetic_Accommodation_Agreement.pdf,SIGNATURES.1,,1,SIGNATURES,SIGNATURES.1,1,1,NAMED_HEADER,1,,,,,Cedar Lantern Signature,False,,"IN WITNESS WHEREOF, the parties have executed this Agreement as of the date first above written. CEDAR LANTERN: Cedar Lantern Wind, LLC a Nevada limited liability company By: Rowan Calder, Vice President STATE OF PACIFICA COUNTY OF SILVER COAST The foregoing instrument was acknowledged before me by means of physical presence or online notarization, this 17 day of November, 2026 by Rowan Calder, as Vice President of Cedar Lantern Wind, LLC, a Nevada limited liability company, on behalf of the company, who is personally known to me or has produced a government identification card as identification. NOTARY PUBLIC, STATE OF PACIFICA My commission expires: 07/13/2029",,"IN WITNESS WHEREOF, the parties have executed this Agreement as of the date first above written. CEDAR LANTERN: Cedar Lantern Wind, LLC a Nevada limited liability company By: Rowan Calder, Vice President STATE OF PACIFICA COUNTY OF SILVER COAST The foregoing instrument was acknowledged before me by means of physical presence or online notarization, this 17 day of November, 2026 by Rowan Calder, as Vice President of Cedar Lantern Wind, LLC, a Nevada limited liability company, on behalf of the company, who is personally known to me or has produced a government identification card as identification. NOTARY PUBLIC, STATE OF PACIFICA My commission expires: 07/13/2029",Agreement|Cedar Lantern,NONE,5,5,PLACEHOLDER_FOR_REVIEW,DEFERRED_MODALITY_PLACEHOLDER,2026-09-30T19:08:12.170860+00:00,,
doc_70fc075850990305,gs://pr-tftest-contract-intelligence/raw/doc_70fc075850990305/Synthetic_Accommodation_Agreement.pdf,SIGNATURES.2,,2,SIGNATURES,SIGNATURES.2,1,2,NAMED_HEADER,2,,,,,Blue Meridian Signature,False,,"IN WITNESS WHEREOF, the parties have executed this Agreement as of the date first above written. BLUE MERIDIAN: Blue Meridian Transmission LLC, a Colorado limited liability company By: Name: Leander Voss Title: Authorized Signatory STATE OF Franklin COUNTY OF Alder I certify that I know or have satisfactory evidence that Leander Voss is the person who appeared before me, and he acknowledged that he signed this instrument, on oath stated that he was authorized to execute the instrument and acknowledged it as the Authorized Signatory of Blue Meridian Transmission LLC to be the free and voluntary act of such party for the uses and purposes mentioned in this instrument. DATED: 11/29/2026 (Signature of Notary Public) Kellan Rue (Printed Name of Notary Public) My Appointment expires 03/04/2030",,"IN WITNESS WHEREOF, the parties have executed this Agreement as of the date first above written. BLUE MERIDIAN: Blue Meridian Transmission LLC, a Colorado limited liability company By: Name: Leander Voss Title: Authorized Signatory STATE OF Franklin COUNTY OF Alder I certify that I know or have satisfactory evidence that Leander Voss is the person who appeared before me, and he acknowledged that he signed this instrument, on oath stated that he was authorized to execute the instrument and acknowledged it as the Authorized Signatory of Blue Meridian Transmission LLC to be the free and voluntary act of such party for the uses and purposes mentioned in this instrument. DATED: 11/29/2026 (Signature of Notary Public) Kellan Rue (Printed Name of Notary Public) My Appointment expires 03/04/2030",Agreement|Blue Meridian,NONE,6,6,PLACEHOLDER_FOR_REVIEW,DEFERRED_MODALITY_PLACEHOLDER,2026-09-30T19:08:12.170860+00:00,,
doc_70fc075850990305,gs://pr-tftest-contract-intelligence/raw/doc_70fc075850990305/Synthetic_Accommodation_Agreement.pdf,EXHIBIT_A.PARCEL_1,,1,EXHIBIT_OR_SCHEDULE,EXHIBIT_A.PARCEL_1,2,Parcel 1,NAMED_HEADER,Exhibit A,Parcel 1,,,,Parcel 1,False,,"Parcel 1 FR-AL-642.017 The West Half of the Northeast Quarter (W1/2 NE1/4) of Section Seventeen (17), in Township Eight (8) North, of Range Three (3) West of the 5th P.M., Alder County, Franklin; and the South Half of the Northwest Quarter (S1/2 NW1/4) of Section Seventeen (17), in Township Eight (8) North, of Range Three (3) West of the 5th P.M. in Alder County, Franklin. Tax Parcel ID No. 417-083-17-0-00-00-006.04-2",,"Parcel 1 FR-AL-642.017 The West Half of the Northeast Quarter (W1/2 NE1/4) of Section Seventeen (17), in Township Eight (8) North, of Range Three (3) West of the 5th P.M., Alder County, Franklin; and the South Half of the Northwest Quarter (S1/2 NW1/4) of Section Seventeen (17), in Township Eight (8) North, of Range Three (3) West of the 5th P.M. in Alder County, Franklin. Tax Parcel ID No. 417-083-17-0-00-00-006.04-2",NONE,NONE,7,7,VERIFIED_AUTO,NONE,2026-09-30T19:08:12.170860+00:00,,
doc_70fc075850990305,gs://pr-tftest-contract-intelligence/raw/doc_70fc075850990305/Synthetic_Accommodation_Agreement.pdf,EXHIBIT_A.PARCEL_2,,2,EXHIBIT_OR_SCHEDULE,EXHIBIT_A.PARCEL_2,2,Parcel 2,NAMED_HEADER,Exhibit A,Parcel 2,,,,Parcel 2,False,,"Parcel 2 FR-AL-671.204 The Southwest Quarter (SW1/4) of Section Twenty-two (22), in Township Eight (8) North, of Range Three (3) West, EXCEPT that part thereof bounded and described as follows, viz: Beginning at a stone marker on the East line thereof at a point Forty-three (43) feet North from the centerline of the county road; running thence West Twenty-six and one-half (26 1/2) rods; thence North Thirty-one (31) rods; thence East Forty-four (44) rods; thence South Eighteen and three-fourths (18 3/4) rods to a drainage swale; thence Southwesterly to the place of beginning, said excepted tract containing seven and six-tenths acres, more or less, and being used for cemetery and access purposes; all in Alder County, Franklin. Tax Parcel ID No. 417-083-22-0-00-00-014.11-7",,"Parcel 2 FR-AL-671.204 The Southwest Quarter (SW1/4) of Section Twenty-two (22), in Township Eight (8) North, of Range Three (3) West, EXCEPT that part thereof bounded and described as follows, viz: Beginning at a stone marker on the East line thereof at a point Forty-three (43) feet North from the centerline of the county road; running thence West Twenty-six and one-half (26 1/2) rods; thence North Thirty-one (31) rods; thence East Forty-four (44) rods; thence South Eighteen and three-fourths (18 3/4) rods to a drainage swale; thence Southwesterly to the place of beginning, said excepted tract containing seven and six-tenths acres, more or less, and being used for cemetery and access purposes; all in Alder County, Franklin. Tax Parcel ID No. 417-083-22-0-00-00-014.11-7",NONE,NONE,7,7,FLAGGED_FOR_REVIEW,SCOPE_CARVEOUT_DETECTED,2026-09-30T19:08:12.170860+00:00,,
doc_70fc075850990305,gs://pr-tftest-contract-intelligence/raw/doc_70fc075850990305/Synthetic_Accommodation_Agreement.pdf,EXHIBIT_A.PARCEL_3,,3,EXHIBIT_OR_SCHEDULE,EXHIBIT_A.PARCEL_3,2,Parcel 3,NAMED_HEADER,Exhibit A,Parcel 3,,,,Parcel 3,False,,"Parcel 3 FR-AL-695.881 The Southeast Quarter (SE1/4) of Section Twenty-two (22), Township Eight (8) North, Range Three (3) West of the 5th P.M., Alder County, Franklin. Tax Parcel ID No. 417-083-22-0-00-00-019.02-5",,"Parcel 3 FR-AL-695.881 The Southeast Quarter (SE1/4) of Section Twenty-two (22), Township Eight (8) North, Range Three (3) West of the 5th P.M., Alder County, Franklin. Tax Parcel ID No. 417-083-22-0-00-00-019.02-5",NONE,NONE,7,7,VERIFIED_AUTO,NONE,2026-09-30T19:08:12.170860+00:00,,
doc_70fc075850990305,gs://pr-tftest-contract-intelligence/raw/doc_70fc075850990305/Synthetic_Accommodation_Agreement.pdf,EXHIBIT_A.PARCEL_4,,4,EXHIBIT_OR_SCHEDULE,EXHIBIT_A.PARCEL_4,2,Parcel 4,NAMED_HEADER,Exhibit A,Parcel 4,,,,Parcel 4,False,,"Parcel 4 FR-AL-731.566 The North Half (N1/2), the West Half of the Southwest Quarter (W1/2 SW1/4) and the North Half of the Southeast Quarter (N1/2 SE1/4) of Section Nine (9), Township Seven (7) North, Range Two (2) West of the 5th P.M. in Alder County, Franklin;",,"Parcel 4 FR-AL-731.566 The North Half (N1/2), the West Half of the Southwest Quarter (W1/2 SW1/4) and the North Half of the Southeast Quarter (N1/2 SE1/4) of Section Nine (9), Township Seven (7) North, Range Two (2) West of the 5th P.M. in Alder County, Franklin;",NONE,NONE,7,7,VERIFIED_AUTO,NONE,2026-09-30T19:08:12.170860+00:00,,
doc_70fc075850990305,gs://pr-tftest-contract-intelligence/raw/doc_70fc075850990305/Synthetic_Accommodation_Agreement.pdf,EXHIBIT_A.PARCEL_4.EXCEPT_1,EXHIBIT_A.PARCEL_4,1,EXHIBIT_OR_SCHEDULE,EXHIBIT_A.PARCEL_4.EXCEPT_1,3,LESS_AND_EXCEPT,NAMED_HEADER,Exhibit A,Parcel 4,LESS_AND_EXCEPT,,,,False,,"LESS AND EXCEPT: A tract of land in the Northwest Quarter (NW1/4) Section Nine (9), Township Seven (7) North, Range Two (2) West of the 5th P.M., in Alder County, Franklin described as follows: BEGINNING at the southwest corner of said NW1/4 of Section 9; thence North 438 feet along the west line of said Section 9; thence East 612 feet; thence South 438 feet; thence West 612 feet along the south line of said Section 9 to the POINT OF BEGINNING, containing approximately 6.15 acres, more or less, as conveyed in Book 418, Page 127, Official Records, Alder County, Franklin. Tax ID: 417-072-09-0-00-00-027.09-3",,"Excluded from Exhibit A, Parcel 4: A tract of land in the Northwest Quarter (NW1/4) Section Nine (9), Township Seven (7) North, Range Two (2) West of the 5th P.M., in Alder County, Franklin described as follows: BEGINNING at the southwest corner of said NW1/4 of Section 9; thence North 438 feet along the west line of said Section 9; thence East 612 feet; thence South 438 feet; thence West 612 feet along the south line of said Section 9 to the POINT OF BEGINNING, containing approximately 6.15 acres, more or less, as conveyed in Book 418, Page 127, Official Records, Alder County, Franklin. Tax ID: 417-072-09-0-00-00-027.09-3",NONE,NONE,8,8,FLAGGED_FOR_REVIEW,SCOPE_CARVEOUT_DETECTED,2026-09-30T19:08:12.170860+00:00,,
doc_70fc075850990305,gs://pr-tftest-contract-intelligence/raw/doc_70fc075850990305/Synthetic_Accommodation_Agreement.pdf,EXHIBIT_D.STUB,,1,EXHIBIT_OR_SCHEDULE,EXHIBIT_D.STUB,1,Exhibit D,NAMED_HEADER,Exhibit D,,,,,Blue Meridian Facilities,False,,EXHIBIT D Blue Meridian Facilities [Visual Drawing or Map Stub],,EXHIBIT D Blue Meridian Facilities [Visual Drawing or Map Stub],Blue Meridian Facilities,Exhibit D,11,12,PLACEHOLDER_FOR_REVIEW,DEFERRED_MODALITY_PLACEHOLDER,2026-09-30T19:08:12.170860+00:00,,
