document_id,term_name,defined_in_node_id,definition_type,verbatim_definition,referenced_in_nodes,page_number,updated_at
doc_70fc075850990305,Agreement,PREAMBLE.1,INLINE_PARENTHETICAL,"(this ""Agreement"")",PREAMBLE.1|RECITALS.4|BODY.2|BODY.3|BODY.6|BODY.7|BODY.8|BODY.9|BODY.10|BODY.11|BODY.12|BODY.13|BODY.14|BODY.15|BODY.16|BODY.17|SIGNATURES.1|SIGNATURES.2|BODY.3.a,1,2026-09-30T19:08:12.170860+00:00
doc_70fc075850990305,Blue Meridian,PREAMBLE.1,INLINE_PARENTHETICAL,"(""Blue Meridian"")",PREAMBLE.1|RECITALS.2|RECITALS.4|BODY.3|BODY.3.a|BODY.4|BODY.5|BODY.5.i|BODY.5.iii|BODY.6|BODY.7|SIGNATURES.2,1,2026-09-30T19:08:12.170860+00:00
doc_70fc075850990305,Blue Meridian Easements,RECITALS.2,INLINE_PARENTHETICAL,"(the ""Blue Meridian Easements"")",RECITALS.2|BODY.2|BODY.2.i,1,2026-09-30T19:08:12.170860+00:00
doc_70fc075850990305,Blue Meridian Facilities,RECITALS.2,INLINE_PARENTHETICAL,"(collectively, the ""Blue Meridian Facilities"")",RECITALS.2|RECITALS.3|RECITALS.4|BODY.2|BODY.2.i|BODY.5|BODY.5.ii|EXHIBIT_D.STUB,1,2026-09-30T19:08:12.170860+00:00
doc_70fc075850990305,Blue Meridian Project,RECITALS.2,INLINE_PARENTHETICAL,"(the ""Blue Meridian Project"")",RECITALS.2|BODY.3|BODY.3.a|BODY.8,1,2026-09-30T19:08:12.170860+00:00
doc_70fc075850990305,CCN,RECITALS.2,INLINE_PARENTHETICAL,"(the ""CCN"")",RECITALS.2,1,2026-09-30T19:08:12.170860+00:00
doc_70fc075850990305,Cedar Lantern,PREAMBLE.1,INLINE_PARENTHETICAL,"(""Cedar Lantern"")",PREAMBLE.1|RECITALS.1|RECITALS.3|RECITALS.4|BODY.4|BODY.4.i|BODY.4.iii|BODY.5|BODY.6|BODY.7|SIGNATURES.1,1,2026-09-30T19:08:12.170860+00:00
doc_70fc075850990305,Cedar Lantern Easements,RECITALS.1,INLINE_PARENTHETICAL,"(the ""Cedar Lantern Easements"")",RECITALS.1|BODY.2|BODY.2.ii,1,2026-09-30T19:08:12.170860+00:00
doc_70fc075850990305,Cedar Lantern Project,RECITALS.1,INLINE_PARENTHETICAL,"(the ""Cedar Lantern Project"")",RECITALS.1|RECITALS.4|BODY.3|BODY.3.a|BODY.4|BODY.4.ii|BODY.8,1,2026-09-30T19:08:12.170860+00:00
doc_70fc075850990305,FPUC,RECITALS.2,INLINE_PARENTHETICAL,"(""FPUC"")",RECITALS.2,1,2026-09-30T19:08:12.170860+00:00
doc_70fc075850990305,Parties,PREAMBLE.1,INLINE_PARENTHETICAL,"collectively as the ""Parties""",PREAMBLE.1|RECITALS.4|BODY.3|BODY.8|BODY.9|BODY.10|BODY.12,1,2026-09-30T19:08:12.170860+00:00
doc_70fc075850990305,Party,PREAMBLE.1,INLINE_PARENTHETICAL,"a ""Party""",PREAMBLE.1|BODY.3|BODY.3.a|BODY.3.b|BODY.3.c|BODY.6|BODY.7|BODY.8|BODY.8.i|BODY.8.ii|BODY.9|BODY.10|BODY.11|BODY.14,1,2026-09-30T19:08:12.170860+00:00
doc_70fc075850990305,Property,PREAMBLE.1,INLINE_PARENTHETICAL,"(the ""Property"")",PREAMBLE.1|RECITALS.2|RECITALS.3|RECITALS.4|BODY.3|BODY.3.a|BODY.4|BODY.4.i|BODY.5|BODY.5.i|BODY.9|BODY.10,1,2026-09-30T19:08:12.170860+00:00
doc_70fc075850990305,Equipment,BODY.3,INLINE_PARENTHETICAL,"(collectively, ""Equipment"")",BODY.3|BODY.3.a|BODY.3.b|BODY.3.c,2,2026-09-30T19:08:12.170860+00:00
doc_70fc075850990305,Liabilities,BODY.4,INLINE_PARENTHETICAL,"(collectively, ""Liabilities"")",BODY.4|BODY.5,2,2026-09-30T19:08:12.170860+00:00
doc_70fc075850990305,Operations,BODY.3,INLINE_PARENTHETICAL,"(collectively, ""Operations"")",BODY.3|BODY.3.a|BODY.3.b,2,2026-09-30T19:08:12.170860+00:00
